{
  "overall_status": "Green",
  "latency_status": "Green",
  "bandwidth_status": null,
  "video_status": null,
  "audio_status": null,
  "recommendations": [],
  "raw_results": {
    "latency": {
      "min_ms": 0.042366,
      "max_ms": 0.15234499999999998,
      "avg_ms": 0.07680068999999996,
      "jitter_ms": 0.022648201044981477,
      "packet_loss_percent": 0.0,
      "samples": [
        0.045301,
        0.054409,
        0.070867,
        0.072131,
        0.099316,
        0.074087,
        0.07348500000000001,
        0.098856,
        0.15234499999999998,
        0.080665,
        0.080328,
        0.102334,
        0.09521299999999999,
        0.082213,
        0.050203,
        0.063225,
        0.062888,
        0.069331,
        0.06808399999999999,
        0.11538499999999999,
        0.09000899999999999,
        0.093829,
        0.104231,
        0.063562,
        0.06491999999999999,
        0.092221,
        0.082018,
        0.056548,
        0.059945000000000005,
        0.077543,
        0.09861,
        0.06480899999999999,
        0.08566199999999999,
        0.073274,
        0.060218,
        0.054736,
        0.05365,
        0.080922,
        0.10058199999999999,
        0.05849,
        0.069186,
        0.06662900000000001,
        0.119395,
        0.063482,
        0.12496,
        0.116727,
        0.05538,
        0.07330400000000001,
        0.092321,
        0.127547,
        0.060424000000000005,
        0.084415,
        0.082471,
        0.089892,
        0.050116,
        0.077733,
        0.054008,
        0.058141,
        0.054885,
        0.067229,
        0.08468099999999999,
        0.112506,
        0.129409,
        0.065345,
        0.058916,
        0.126789,
        0.048940000000000004,
        0.049486,
        0.07415100000000001,
        0.055134999999999997,
        0.056967,
        0.048392,
        0.08336,
        0.06866,
        0.053207,
        0.050365,
        0.086753,
        0.09042,
        0.056077,
        0.06962800000000001,
        0.057608,
        0.059819,
        0.052564,
        0.07359199999999999,
        0.077978,
        0.079798,
        0.07166700000000001,
        0.042366,
        0.126027,
        0.068197,
        0.13678,
        0.068687,
        0.07637200000000001,
        0.059328,
        0.085239,
        0.072881,
        0.068011,
        0.08683500000000001,
        0.065522,
        0.06692100000000001
      ]
    },
    "bandwidth": null,
    "video": null,
    "audio": null
  }
}