{
  "overall_status": "Green",
  "latency_status": "Green",
  "bandwidth_status": null,
  "video_status": null,
  "audio_status": null,
  "recommendations": [],
  "raw_results": {
    "latency": {
      "min_ms": 0.039298,
      "max_ms": 0.221422,
      "avg_ms": 0.09948498,
      "jitter_ms": 0.032481095108687456,
      "packet_loss_percent": 0.0,
      "samples": [
        0.221422,
        0.06231199999999999,
        0.053509,
        0.100691,
        0.07778600000000001,
        0.051222,
        0.09715299999999999,
        0.057951,
        0.067599,
        0.110848,
        0.127862,
        0.133263,
        0.096555,
        0.14666500000000002,
        0.10981500000000001,
        0.09210399999999999,
        0.155012,
        0.12587399999999999,
        0.100797,
        0.17366399999999999,
        0.080051,
        0.073354,
        0.10920200000000001,
        0.12050899999999999,
        0.095039,
        0.084969,
        0.100188,
        0.130969,
        0.097204,
        0.039298,
        0.09663899999999999,
        0.048917,
        0.045373000000000004,
        0.09571600000000001,
        0.091036,
        0.113981,
        0.083485,
        0.099502,
        0.065859,
        0.099199,
        0.103913,
        0.051834,
        0.059424,
        0.15854000000000001,
        0.118749,
        0.097536,
        0.084375,
        0.107239,
        0.12344600000000001,
        0.08848600000000001,
        0.099256,
        0.087465,
        0.10291399999999999,
        0.089322,
        0.117379,
        0.145317,
        0.06865299999999999,
        0.080937,
        0.071188,
        0.068064,
        0.09016,
        0.164815,
        0.101258,
        0.08291,
        0.068294,
        0.093683,
        0.091235,
        0.088656,
        0.058712,
        0.09406199999999999,
        0.058532999999999995,
        0.10052699999999999,
        0.127821,
        0.137691,
        0.151754,
        0.12981099999999998,
        0.12219299999999998,
        0.129281,
        0.17067,
        0.120752,
        0.103548,
        0.12379200000000001,
        0.109565,
        0.057675,
        0.051204,
        0.145048,
        0.059312,
        0.075366,
        0.08985,
        0.045850999999999996,
        0.119949,
        0.109071,
        0.096248,
        0.080367,
        0.072098,
        0.14398,
        0.109713,
        0.07587,
        0.104407,
        0.136135
      ]
    },
    "bandwidth": null,
    "video": null,
    "audio": null
  }
}