{
  "overall_status": "Red",
  "latency_status": "Red",
  "bandwidth_status": null,
  "video_status": null,
  "audio_status": null,
  "recommendations": [
    "High latency detected. Check network congestion.",
    "Consider using wired connection instead of WiFi."
  ],
  "raw_results": {
    "latency": {
      "min_ms": 0.270092,
      "max_ms": 83.695372,
      "avg_ms": 81.31085714,
      "jitter_ms": 8.163589281243764,
      "packet_loss_percent": 0.0,
      "samples": [
        0.270092,
        81.71982299999999,
        81.62216599999999,
        81.71382000000001,
        81.733751,
        81.59653399999999,
        81.809462,
        81.474728,
        82.024893,
        82.77143600000001,
        82.641337,
        81.78150500000001,
        82.816237,
        82.622917,
        81.684298,
        81.744029,
        81.66310899999999,
        82.67650499999999,
        82.837429,
        82.663059,
        81.791188,
        81.75365099999999,
        82.698334,
        82.721432,
        82.731499,
        81.705404,
        81.59769899999999,
        81.73590899999999,
        81.675733,
        81.663078,
        81.681217,
        82.683305,
        82.71118399999999,
        81.900806,
        82.798318,
        82.68044099999999,
        81.715905,
        82.76990500000001,
        81.654233,
        81.740037,
        82.67099,
        81.65238199999999,
        81.639296,
        81.68322599999999,
        81.753602,
        81.753222,
        81.853262,
        82.69701,
        81.794181,
        81.68468,
        81.64528999999999,
        81.680725,
        81.61546,
        81.786155,
        82.744739,
        82.674892,
        81.71623,
        82.880708,
        82.645618,
        81.816044,
        82.687352,
        81.812283,
        81.72394600000001,
        81.58579,
        81.718991,
        82.783187,
        82.69773099999999,
        82.750513,
        83.664579,
        81.705873,
        81.668522,
        81.779087,
        82.65543100000001,
        82.792226,
        81.701941,
        81.773034,
        81.78614300000001,
        81.6096,
        81.685714,
        83.694827,
        81.740227,
        81.641373,
        81.68565899999999,
        82.76441,
        82.598986,
        81.82424300000001,
        82.635278,
        81.73742,
        81.688444,
        81.59612,
        82.73229,
        81.718146,
        81.76259499999999,
        82.633122,
        81.676782,
        82.865173,
        83.695372,
        82.720957,
        82.695379,
        81.73284799999999
      ]
    },
    "bandwidth": null,
    "video": null,
    "audio": null
  }
}