{
  "overall_status": "Red",
  "latency_status": "Red",
  "bandwidth_status": null,
  "video_status": null,
  "audio_status": null,
  "recommendations": [
    "High latency detected. Check network congestion.",
    "Consider using wired connection instead of WiFi."
  ],
  "raw_results": {
    "latency": {
      "min_ms": 0.334352,
      "max_ms": 84.07242400000001,
      "avg_ms": 81.28903498000004,
      "jitter_ms": 8.15882658373768,
      "packet_loss_percent": 0.0,
      "samples": [
        0.334352,
        81.643646,
        84.07242400000001,
        81.618672,
        81.66164500000001,
        81.71386199999999,
        81.729088,
        81.81138899999999,
        81.674679,
        81.777765,
        81.790389,
        81.744315,
        81.601507,
        81.888293,
        81.602989,
        81.771386,
        81.655208,
        82.81221699999999,
        81.811838,
        82.65487300000001,
        81.678619,
        81.67211300000001,
        83.76118000000001,
        81.736457,
        81.793072,
        81.697191,
        81.815064,
        82.639693,
        81.758281,
        82.73100799999999,
        82.66377299999999,
        82.01765599999999,
        81.75718,
        81.70747200000001,
        81.836377,
        81.783938,
        81.748981,
        81.795353,
        81.688862,
        81.844477,
        81.66965800000001,
        82.834272,
        81.69206,
        82.607623,
        81.741273,
        81.748424,
        81.784884,
        82.797967,
        81.845798,
        81.526108,
        81.595651,
        82.740738,
        81.805432,
        81.694023,
        83.75355800000001,
        83.607108,
        82.092027,
        82.81419600000001,
        82.741675,
        82.66543399999999,
        81.710903,
        81.700782,
        82.60558499999999,
        81.688479,
        81.639595,
        81.63603599999999,
        82.732404,
        81.92566699999999,
        82.799221,
        82.69799499999999,
        83.91559,
        81.741299,
        81.76553799999999,
        81.797971,
        81.702387,
        81.82303300000001,
        82.777491,
        81.754402,
        81.767587,
        82.78290000000001,
        81.754995,
        81.734002,
        81.603715,
        83.83944799999999,
        81.77736300000001,
        81.591478,
        81.803208,
        82.629592,
        82.631659,
        82.834482,
        82.581519,
        81.806112,
        81.69409900000001,
        82.748732,
        81.752223,
        81.794254,
        82.789573,
        81.63206100000001,
        81.904093,
        81.780832
      ]
    },
    "bandwidth": null,
    "video": null,
    "audio": null
  }
}